{"cameraMode":{"drawMode":0,"name":"Shaded","section":"Shading Mode"},"sceneLighting":false,"audioPlay":false,"sceneViewState":{"m_AlwaysRefresh":false,"showFog":false,"showSkybox":false,"showFlares":false,"showImageEffects":false,"showParticleSystems":false,"showVisualEffectGraphs":true,"m_FxEnabled":true},"in2DMode":false,"pivot":{"x":0.06320416927337647,"y":1.1190500259399415,"z":-0.8779197931289673},"rotation":{"x":-0.05746585130691528,"y":0.9248800277709961,"z":-0.15525154769420625,"w":-0.34234803915023806},"size":1.5707075595855713,"orthographic":false}